{
  "date": "2025-10-23",
  "headline": "Weekend Board \u2014 Data-first selections",
  "notes": "Updated Friday 10:00 AET. Subject to scratchings and track changes.",
  "meetings": [
    {
      "track": "Caulfield",
      "state": "VIC",
      "day": "SAT",
      "races": [
        {
          "number": 1,
          "top_pick": "Horse A",
          "confidence": 4,
          "reason": "Maps on pace; strong L600; suited trip."
        },
        {
          "number": 2,
          "top_pick": "Horse B",
          "confidence": 3,
          "reason": "Peak second-up; weight drop; soft OK."
        }
      ]
    },
    {
      "track": "Randwick",
      "state": "NSW",
      "day": "SUN",
      "races": [
        {
          "number": 1,
          "top_pick": "Horse C",
          "confidence": 4,
          "reason": "Best last-start sectional; bias suits."
        },
        {
          "number": 2,
          "top_pick": "Horse D",
          "confidence": 2,
          "reason": "Value angle; map upgrade if tempo strong."
        }
      ]
    }
  ]
}